{
  "root" : {
    "__class" : "RootNode",
    "children" : [
      {
        "__class" : "FrameNode",
        "aspectRatio" : null,
        "blendingEnabled" : 0,
        "blendingMode" : "normal",
        "bottom" : null,
        "centerAnchorX" : 0,
        "centerAnchorY" : 0,
        "children" : [
          {
            "__class" : "CodeComponentNode",
            "aspectRatio" : null,
            "bottom" : null,
            "centerAnchorX" : 0.5,
            "centerAnchorY" : 0.3989955357142857,
            "children" : [

            ],
            "clip" : true,
            "codeComponentIdentifier" : ".\/P5.tsx_P5",
            "codeComponentProps" : {

            },
            "codeOverrideEnabled" : true,
            "codeOverrideFile" : ".\/App.tsx",
            "codeOverrideIdentifier" : ".\/App.tsx_setP5",
            "codeOverrideName" : "setP5",
            "constraintsLocked" : false,
            "deviceType" : null,
            "exportOptions" : [

            ],
            "fillColor" : "rgba(255,255,255,1)",
            "fillEnabled" : false,
            "fillImage" : null,
            "fillImagePixelHeight" : null,
            "fillImagePixelWidth" : null,
            "fillImageResize" : "fill",
            "fillLinearGradient" : {
              "__class" : "LinearGradient",
              "alpha" : 1,
              "angle" : 180,
              "stops" : [
                {
                  "__class" : "GradientColorStop",
                  "position" : 0,
                  "value" : "rgba(0,0,0,0)"
                },
                {
                  "__class" : "GradientColorStop",
                  "position" : 1,
                  "value" : "black"
                }
              ]
            },
            "fillRadialGradient" : {
              "__class" : "RadialGradient",
              "alpha" : 1,
              "centerAnchorX" : 0.5,
              "centerAnchorY" : 0.5,
              "heightFactor" : 0.5,
              "stops" : [
                {
                  "__class" : "GradientColorStop",
                  "position" : 0,
                  "value" : "rgba(0,0,0,0)"
                },
                {
                  "__class" : "GradientColorStop",
                  "position" : 1,
                  "value" : "black"
                }
              ],
              "widthFactor" : 0.5
            },
            "fillType" : "color",
            "height" : 715,
            "heightType" : 0,
            "id" : "Na2pRVAeD",
            "intrinsicHeight" : null,
            "intrinsicWidth" : null,
            "left" : 0,
            "locked" : false,
            "name" : null,
            "opacity" : 1,
            "originalid" : null,
            "parentid" : "Y5ZxdnaPC",
            "previewSettings" : null,
            "radius" : 0,
            "radiusBottomLeft" : 0,
            "radiusBottomRight" : 0,
            "radiusIsRelative" : false,
            "radiusPerCorner" : false,
            "radiusTopLeft" : 0,
            "radiusTopRight" : 0,
            "right" : 0,
            "rotation" : 0,
            "top" : 0,
            "visible" : true,
            "width" : 414,
            "widthType" : 0
          },
          {
            "__class" : "FrameNode",
            "aspectRatio" : null,
            "blendingEnabled" : 0,
            "blendingMode" : "normal",
            "bottom" : 0,
            "boxShadows" : [
              {
                "__class" : "BoxShadow",
                "blur" : 4,
                "color" : "rgba(9, 30, 66, 0.08)",
                "enabled" : true,
                "inset" : false,
                "spread" : 8,
                "x" : 0,
                "y" : 2
              }
            ],
            "centerAnchorX" : 0.5,
            "centerAnchorY" : 0.8777901785714286,
            "children" : [
              {
                "__class" : "CodeComponentNode",
                "aspectRatio" : null,
                "bottom" : 32,
                "centerAnchorX" : 0.15338164251207728,
                "centerAnchorY" : 0.5,
                "children" : [
                  {
                    "__class" : "TextNode",
                    "autoSize" : true,
                    "bottom" : null,
                    "centerAnchorX" : 0.65714285714285714,
                    "centerAnchorY" : 0.051612903225806452,
                    "codeOverrideEnabled" : false,
                    "constraintsLocked" : false,
                    "exportOptions" : [

                    ],
                    "height" : 16,
                    "heightType" : 0,
                    "id" : "KQL3aiii7",
                    "isTarget" : false,
                    "left" : null,
                    "locked" : false,
                    "name" : null,
                    "opacity" : 1,
                    "originalid" : null,
                    "parentid" : "YPFdZrVq0",
                    "right" : null,
                    "rotation" : 0,
                    "styledText" : {
                      "__class" : "StyledTextDraft",
                      "blocks" : [
                        {
                          "data" : {
                            "emptyStyle" : [
                              "COLOR:rgb(0, 0, 0)",
                              "LETTERSPACING:0",
                              "LINEHEIGHT:1.2",
                              "ALIGN:left",
                              "SIZE:14",
                              "FONT:__SF-UI-Text-Semibold__"
                            ]
                          },
                          "depth" : 0,
                          "entityRanges" : [

                          ],
                          "inlineStyleRanges" : [
                            {
                              "length" : 9,
                              "offset" : 0,
                              "style" : "COLOR:rgb(0, 0, 0)"
                            },
                            {
                              "length" : 9,
                              "offset" : 0,
                              "style" : "LETTERSPACING:0"
                            },
                            {
                              "length" : 9,
                              "offset" : 0,
                              "style" : "LINEHEIGHT:1.2"
                            },
                            {
                              "length" : 9,
                              "offset" : 0,
                              "style" : "ALIGN:left"
                            },
                            {
                              "length" : 9,
                              "offset" : 0,
                              "style" : "SIZE:14"
                            },
                            {
                              "length" : 9,
                              "offset" : 0,
                              "style" : "FONT:__SF-UI-Text-Semibold__"
                            }
                          ],
                          "key" : "eavch",
                          "text" : "Alignment",
                          "type" : "unstyled"
                        }
                      ],
                      "cached" : {
                        "html" : "<div class='DraftEditor-alignLeft'><div data-offset-key=\"eavch-0-0\" class=\"public-DraftStyleDefault-block public-DraftStyleDefault-ltr\"><span data-offset-key=\"eavch-0-0\" style=\"tab-size:4;font-family:&quot;.SFNSText-Semibold&quot;, &quot;SFProText-Semibold&quot;, &quot;SFUIText-Semibold&quot;, &quot;.SFUIText-Semibold&quot;, sans-serif;-webkit-text-fill-color:rgb(0, 0, 0);font-size:14px;letter-spacing:0px;line-height:1.2\"><span data-text=\"true\">Alignment<\/span><\/span><\/div><\/div>",
                        "os" : "10_14",
                        "size" : {
                          "height" : 16,
                          "width" : 72
                        },
                        "width" : 0
                      },
                      "entityMap" : {

                      }
                    },
                    "top" : null,
                    "visible" : true,
                    "width" : 72,
                    "widthType" : 0
                  },
                  {
                    "__class" : "TextNode",
                    "autoSize" : true,
                    "bottom" : null,
                    "centerAnchorX" : 0.31428571428571428,
                    "centerAnchorY" : 0.46451612903225808,
                    "codeOverrideEnabled" : false,
                    "constraintsLocked" : false,
                    "exportOptions" : [

                    ],
                    "height" : 16,
                    "heightType" : 0,
                    "id" : "nTfoQ1Jj_",
                    "isTarget" : false,
                    "left" : null,
                    "locked" : false,
                    "name" : null,
                    "opacity" : 1,
                    "originalid" : null,
                    "parentid" : "YPFdZrVq0",
                    "right" : null,
                    "rotation" : 0,
                    "styledText" : {
                      "__class" : "StyledTextDraft",
                      "blocks" : [
                        {
                          "data" : {
                            "emptyStyle" : [
                              "COLOR:rgb(0, 0, 0)",
                              "LETTERSPACING:0",
                              "LINEHEIGHT:1.2",
                              "ALIGN:left",
                              "SIZE:14",
                              "FONT:__SF-UI-Text-Semibold__"
                            ]
                          },
                          "depth" : 0,
                          "entityRanges" : [

                          ],
                          "inlineStyleRanges" : [
                            {
                              "length" : 8,
                              "offset" : 0,
                              "style" : "COLOR:rgb(0, 0, 0)"
                            },
                            {
                              "length" : 8,
                              "offset" : 0,
                              "style" : "LETTERSPACING:0"
                            },
                            {
                              "length" : 8,
                              "offset" : 0,
                              "style" : "LINEHEIGHT:1.2"
                            },
                            {
                              "length" : 8,
                              "offset" : 0,
                              "style" : "ALIGN:left"
                            },
                            {
                              "length" : 8,
                              "offset" : 0,
                              "style" : "SIZE:14"
                            },
                            {
                              "length" : 8,
                              "offset" : 0,
                              "style" : "FONT:__SF-UI-Text-Semibold__"
                            }
                          ],
                          "key" : "eavch",
                          "text" : "Cohesion",
                          "type" : "unstyled"
                        }
                      ],
                      "cached" : {
                        "html" : "<div class='DraftEditor-alignLeft'><div data-offset-key=\"eavch-0-0\" class=\"public-DraftStyleDefault-block public-DraftStyleDefault-ltr\"><span data-offset-key=\"eavch-0-0\" style=\"tab-size:4;font-family:&quot;.SFNSText-Semibold&quot;, &quot;SFProText-Semibold&quot;, &quot;SFUIText-Semibold&quot;, &quot;.SFUIText-Semibold&quot;, sans-serif;-webkit-text-fill-color:rgb(0, 0, 0);font-size:14px;letter-spacing:0px;line-height:1.2\"><span data-text=\"true\">Cohesion<\/span><\/span><\/div><\/div>",
                        "os" : "10_14",
                        "size" : {
                          "height" : 16,
                          "width" : 66
                        },
                        "width" : 0
                      },
                      "entityMap" : {

                      }
                    },
                    "top" : null,
                    "visible" : true,
                    "width" : 66,
                    "widthType" : 0
                  },
                  {
                    "__class" : "TextNode",
                    "autoSize" : true,
                    "bottom" : null,
                    "centerAnchorX" : 0.52380952380952384,
                    "centerAnchorY" : 0.94838709677419353,
                    "codeOverrideEnabled" : false,
                    "constraintsLocked" : false,
                    "exportOptions" : [

                    ],
                    "height" : 16,
                    "heightType" : 0,
                    "id" : "AgSKV09_5",
                    "isTarget" : false,
                    "left" : null,
                    "locked" : false,
                    "name" : null,
                    "opacity" : 1,
                    "originalid" : null,
                    "parentid" : "YPFdZrVq0",
                    "right" : null,
                    "rotation" : 0,
                    "styledText" : {
                      "__class" : "StyledTextDraft",
                      "blocks" : [
                        {
                          "data" : {
                            "emptyStyle" : [
                              "COLOR:rgb(0, 0, 0)",
                              "LETTERSPACING:0",
                              "LINEHEIGHT:1.2",
                              "ALIGN:left",
                              "SIZE:14",
                              "FONT:__SF-UI-Text-Semibold__"
                            ]
                          },
                          "depth" : 0,
                          "entityRanges" : [

                          ],
                          "inlineStyleRanges" : [
                            {
                              "length" : 10,
                              "offset" : 0,
                              "style" : "COLOR:rgb(0, 0, 0)"
                            },
                            {
                              "length" : 10,
                              "offset" : 0,
                              "style" : "LETTERSPACING:0"
                            },
                            {
                              "length" : 10,
                              "offset" : 0,
                              "style" : "LINEHEIGHT:1.2"
                            },
                            {
                              "length" : 10,
                              "offset" : 0,
                              "style" : "ALIGN:left"
                            },
                            {
                              "length" : 10,
                              "offset" : 0,
                              "style" : "SIZE:14"
                            },
                            {
                              "length" : 10,
                              "offset" : 0,
                              "style" : "FONT:__SF-UI-Text-Semibold__"
                            }
                          ],
                          "key" : "eavch",
                          "text" : "Separation",
                          "type" : "unstyled"
                        }
                      ],
                      "cached" : {
                        "html" : "<div class='DraftEditor-alignLeft'><div data-offset-key=\"eavch-0-0\" class=\"public-DraftStyleDefault-block public-DraftStyleDefault-ltr\"><span data-offset-key=\"eavch-0-0\" style=\"tab-size:4;font-family:&quot;.SFNSText-Semibold&quot;, &quot;SFProText-Semibold&quot;, &quot;SFUIText-Semibold&quot;, &quot;.SFUIText-Semibold&quot;, sans-serif;-webkit-text-fill-color:rgb(0, 0, 0);font-size:14px;letter-spacing:0px;line-height:1.2\"><span data-text=\"true\">Separation<\/span><\/span><\/div><\/div>",
                        "os" : "10_14",
                        "size" : {
                          "height" : 16,
                          "width" : 76
                        },
                        "width" : 0
                      },
                      "entityMap" : {

                      }
                    },
                    "top" : null,
                    "visible" : true,
                    "width" : 76,
                    "widthType" : 0
                  }
                ],
                "clip" : false,
                "codeComponentIdentifier" : "framer\/Stack",
                "codeComponentProps" : {
                  "alignment" : "start",
                  "direction" : "vertical",
                  "distribution" : "space-around",
                  "gap" : 10,
                  "padding" : 0,
                  "paddingBottom" : 0,
                  "paddingLeft" : 0,
                  "paddingPerSide" : false,
                  "paddingRight" : 0,
                  "paddingTop" : 0
                },
                "codeOverrideEnabled" : false,
                "constraintsLocked" : false,
                "deviceType" : null,
                "exportOptions" : [

                ],
                "fillColor" : "rgba(255,255,255,1)",
                "fillEnabled" : false,
                "fillImage" : null,
                "fillImagePixelHeight" : null,
                "fillImagePixelWidth" : null,
                "fillImageResize" : "fill",
                "fillLinearGradient" : {
                  "__class" : "LinearGradient",
                  "alpha" : 1,
                  "angle" : 180,
                  "stops" : [
                    {
                      "__class" : "GradientColorStop",
                      "position" : 0,
                      "value" : "rgba(0,0,0,0)"
                    },
                    {
                      "__class" : "GradientColorStop",
                      "position" : 1,
                      "value" : "black"
                    }
                  ]
                },
                "fillRadialGradient" : {
                  "__class" : "RadialGradient",
                  "alpha" : 1,
                  "centerAnchorX" : 0.5,
                  "centerAnchorY" : 0.5,
                  "heightFactor" : 0.5,
                  "stops" : [
                    {
                      "__class" : "GradientColorStop",
                      "position" : 0,
                      "value" : "rgba(0,0,0,0)"
                    },
                    {
                      "__class" : "GradientColorStop",
                      "position" : 1,
                      "value" : "black"
                    }
                  ],
                  "widthFactor" : 0.5
                },
                "fillType" : "color",
                "height" : 155,
                "heightType" : 0,
                "id" : "YPFdZrVq0",
                "intrinsicHeight" : null,
                "intrinsicWidth" : null,
                "left" : 24,
                "locked" : false,
                "name" : null,
                "opacity" : 1,
                "originalid" : null,
                "parentid" : "elKmQW0mY",
                "previewSettings" : null,
                "radius" : 0,
                "radiusBottomLeft" : 0,
                "radiusBottomRight" : 0,
                "radiusIsRelative" : false,
                "radiusPerCorner" : false,
                "radiusTopLeft" : 0,
                "radiusTopRight" : 0,
                "right" : null,
                "rotation" : 0,
                "top" : 32,
                "visible" : true,
                "width" : 79,
                "widthType" : 0
              },
              {
                "__class" : "CodeComponentNode",
                "aspectRatio" : null,
                "bottom" : 32,
                "centerAnchorX" : 0.53864734299516903,
                "centerAnchorY" : 0.5,
                "children" : [
                  {
                    "__class" : "CodeComponentNode",
                    "aspectRatio" : null,
                    "bottom" : null,
                    "centerAnchorX" : 0.83333333333333337,
                    "centerAnchorY" : 0.8080357142857143,
                    "children" : [

                    ],
                    "clip" : true,
                    "codeComponentIdentifier" : "@framer\/atlassian.range\/.\/Range.tsx_Range",
                    "codeComponentProps" : {
                      "defaultValue" : 0,
                      "max" : 2,
                      "min" : 0,
                      "step" : 0.10000000000000001,
                      "value" : 1
                    },
                    "codeOverrideEnabled" : true,
                    "codeOverrideFile" : ".\/App.tsx",
                    "codeOverrideIdentifier" : ".\/App.tsx_getAlign",
                    "codeOverrideName" : "getAlign",
                    "constraintsLocked" : false,
                    "deviceType" : null,
                    "exportOptions" : [

                    ],
                    "fillColor" : "rgba(255,255,255,1)",
                    "fillEnabled" : false,
                    "fillImage" : null,
                    "fillImagePixelHeight" : null,
                    "fillImagePixelWidth" : null,
                    "fillImageResize" : "fill",
                    "fillLinearGradient" : {
                      "__class" : "LinearGradient",
                      "alpha" : 1,
                      "angle" : 180,
                      "stops" : [
                        {
                          "__class" : "GradientColorStop",
                          "position" : 0,
                          "value" : "rgba(0,0,0,0)"
                        },
                        {
                          "__class" : "GradientColorStop",
                          "position" : 1,
                          "value" : "black"
                        }
                      ]
                    },
                    "fillRadialGradient" : {
                      "__class" : "RadialGradient",
                      "alpha" : 1,
                      "centerAnchorX" : 0.5,
                      "centerAnchorY" : 0.5,
                      "heightFactor" : 0.5,
                      "stops" : [
                        {
                          "__class" : "GradientColorStop",
                          "position" : 0,
                          "value" : "rgba(0,0,0,0)"
                        },
                        {
                          "__class" : "GradientColorStop",
                          "position" : 1,
                          "value" : "black"
                        }
                      ],
                      "widthFactor" : 0.5
                    },
                    "fillType" : "color",
                    "height" : 40,
                    "heightType" : 0,
                    "id" : "NTTCoFZ7l",
                    "intrinsicHeight" : 40,
                    "intrinsicWidth" : 240,
                    "left" : 0,
                    "locked" : false,
                    "name" : "Align",
                    "opacity" : 1,
                    "originalid" : null,
                    "parentid" : "HHgKNtG6Q",
                    "previewSettings" : null,
                    "radius" : 0,
                    "radiusBottomLeft" : 0,
                    "radiusBottomRight" : 0,
                    "radiusIsRelative" : false,
                    "radiusPerCorner" : false,
                    "radiusTopLeft" : 0,
                    "radiusTopRight" : 0,
                    "right" : null,
                    "rotation" : 0,
                    "top" : 0,
                    "visible" : true,
                    "width" : 220,
                    "widthType" : 0
                  },
                  {
                    "__class" : "CodeComponentNode",
                    "aspectRatio" : null,
                    "bottom" : null,
                    "centerAnchorX" : 0.83333333333333337,
                    "centerAnchorY" : 0.875,
                    "children" : [

                    ],
                    "clip" : true,
                    "codeComponentIdentifier" : "@framer\/atlassian.range\/.\/Range.tsx_Range",
                    "codeComponentProps" : {
                      "defaultValue" : 0,
                      "max" : 2,
                      "min" : 0,
                      "step" : 0.10000000000000001,
                      "value" : 1
                    },
                    "codeOverrideEnabled" : true,
                    "codeOverrideFile" : ".\/App.tsx",
                    "codeOverrideIdentifier" : ".\/App.tsx_getCohesion",
                    "codeOverrideName" : "getCohesion",
                    "constraintsLocked" : false,
                    "deviceType" : null,
                    "exportOptions" : [

                    ],
                    "fillColor" : "rgba(255,255,255,1)",
                    "fillEnabled" : false,
                    "fillImage" : null,
                    "fillImagePixelHeight" : null,
                    "fillImagePixelWidth" : null,
                    "fillImageResize" : "fill",
                    "fillLinearGradient" : {
                      "__class" : "LinearGradient",
                      "alpha" : 1,
                      "angle" : 180,
                      "stops" : [
                        {
                          "__class" : "GradientColorStop",
                          "position" : 0,
                          "value" : "rgba(0,0,0,0)"
                        },
                        {
                          "__class" : "GradientColorStop",
                          "position" : 1,
                          "value" : "black"
                        }
                      ]
                    },
                    "fillRadialGradient" : {
                      "__class" : "RadialGradient",
                      "alpha" : 1,
                      "centerAnchorX" : 0.5,
                      "centerAnchorY" : 0.5,
                      "heightFactor" : 0.5,
                      "stops" : [
                        {
                          "__class" : "GradientColorStop",
                          "position" : 0,
                          "value" : "rgba(0,0,0,0)"
                        },
                        {
                          "__class" : "GradientColorStop",
                          "position" : 1,
                          "value" : "black"
                        }
                      ],
                      "widthFactor" : 0.5
                    },
                    "fillType" : "color",
                    "height" : 40,
                    "heightType" : 0,
                    "id" : "T1DgBZkYN",
                    "intrinsicHeight" : 40,
                    "intrinsicWidth" : 240,
                    "left" : 0,
                    "locked" : false,
                    "name" : "Cohesion",
                    "opacity" : 1,
                    "originalid" : null,
                    "parentid" : "HHgKNtG6Q",
                    "previewSettings" : null,
                    "radius" : 0,
                    "radiusBottomLeft" : 0,
                    "radiusBottomRight" : 0,
                    "radiusIsRelative" : false,
                    "radiusPerCorner" : false,
                    "radiusTopLeft" : 0,
                    "radiusTopRight" : 0,
                    "right" : null,
                    "rotation" : 0,
                    "top" : 0,
                    "visible" : true,
                    "width" : 220,
                    "widthType" : 0
                  },
                  {
                    "__class" : "CodeComponentNode",
                    "aspectRatio" : null,
                    "bottom" : null,
                    "centerAnchorX" : 0.83333333333333337,
                    "centerAnchorY" : 0.9419642857142857,
                    "children" : [

                    ],
                    "clip" : true,
                    "codeComponentIdentifier" : "@framer\/atlassian.range\/.\/Range.tsx_Range",
                    "codeComponentProps" : {
                      "defaultValue" : 0,
                      "max" : 2,
                      "min" : 0,
                      "step" : 0.10000000000000001,
                      "value" : 1
                    },
                    "codeOverrideEnabled" : true,
                    "codeOverrideFile" : ".\/App.tsx",
                    "codeOverrideIdentifier" : ".\/App.tsx_getSeparation",
                    "codeOverrideName" : "getSeparation",
                    "constraintsLocked" : false,
                    "deviceType" : null,
                    "exportOptions" : [

                    ],
                    "fillColor" : "rgba(255,255,255,1)",
                    "fillEnabled" : false,
                    "fillImage" : null,
                    "fillImagePixelHeight" : null,
                    "fillImagePixelWidth" : null,
                    "fillImageResize" : "fill",
                    "fillLinearGradient" : {
                      "__class" : "LinearGradient",
                      "alpha" : 1,
                      "angle" : 180,
                      "stops" : [
                        {
                          "__class" : "GradientColorStop",
                          "position" : 0,
                          "value" : "rgba(0,0,0,0)"
                        },
                        {
                          "__class" : "GradientColorStop",
                          "position" : 1,
                          "value" : "black"
                        }
                      ]
                    },
                    "fillRadialGradient" : {
                      "__class" : "RadialGradient",
                      "alpha" : 1,
                      "centerAnchorX" : 0.5,
                      "centerAnchorY" : 0.5,
                      "heightFactor" : 0.5,
                      "stops" : [
                        {
                          "__class" : "GradientColorStop",
                          "position" : 0,
                          "value" : "rgba(0,0,0,0)"
                        },
                        {
                          "__class" : "GradientColorStop",
                          "position" : 1,
                          "value" : "black"
                        }
                      ],
                      "widthFactor" : 0.5
                    },
                    "fillType" : "color",
                    "height" : 40,
                    "heightType" : 0,
                    "id" : "zHyoqRzbd",
                    "intrinsicHeight" : 40,
                    "intrinsicWidth" : 240,
                    "left" : 0,
                    "locked" : false,
                    "name" : "Separation",
                    "opacity" : 1,
                    "originalid" : null,
                    "parentid" : "HHgKNtG6Q",
                    "previewSettings" : null,
                    "radius" : 0,
                    "radiusBottomLeft" : 0,
                    "radiusBottomRight" : 0,
                    "radiusIsRelative" : false,
                    "radiusPerCorner" : false,
                    "radiusTopLeft" : 0,
                    "radiusTopRight" : 0,
                    "right" : null,
                    "rotation" : 0,
                    "top" : 0,
                    "visible" : true,
                    "width" : 220,
                    "widthType" : 0
                  }
                ],
                "clip" : false,
                "codeComponentIdentifier" : "framer\/Stack",
                "codeComponentProps" : {
                  "alignment" : "center",
                  "direction" : "vertical",
                  "distribution" : "space-around",
                  "gap" : 10,
                  "padding" : 0,
                  "paddingBottom" : 0,
                  "paddingLeft" : 0,
                  "paddingPerSide" : false,
                  "paddingRight" : 0,
                  "paddingTop" : 0
                },
                "codeOverrideEnabled" : false,
                "constraintsLocked" : false,
                "deviceType" : null,
                "exportOptions" : [

                ],
                "fillColor" : "rgba(255,255,255,1)",
                "fillEnabled" : false,
                "fillImage" : null,
                "fillImagePixelHeight" : null,
                "fillImagePixelWidth" : null,
                "fillImageResize" : "fill",
                "fillLinearGradient" : {
                  "__class" : "LinearGradient",
                  "alpha" : 1,
                  "angle" : 180,
                  "stops" : [
                    {
                      "__class" : "GradientColorStop",
                      "position" : 0,
                      "value" : "rgba(0,0,0,0)"
                    },
                    {
                      "__class" : "GradientColorStop",
                      "position" : 1,
                      "value" : "black"
                    }
                  ]
                },
                "fillRadialGradient" : {
                  "__class" : "RadialGradient",
                  "alpha" : 1,
                  "centerAnchorX" : 0.5,
                  "centerAnchorY" : 0.5,
                  "heightFactor" : 0.5,
                  "stops" : [
                    {
                      "__class" : "GradientColorStop",
                      "position" : 0,
                      "value" : "rgba(0,0,0,0)"
                    },
                    {
                      "__class" : "GradientColorStop",
                      "position" : 1,
                      "value" : "black"
                    }
                  ],
                  "widthFactor" : 0.5
                },
                "fillType" : "color",
                "height" : 155,
                "heightType" : 0,
                "id" : "HHgKNtG6Q",
                "intrinsicHeight" : null,
                "intrinsicWidth" : null,
                "left" : null,
                "locked" : false,
                "name" : null,
                "opacity" : 1,
                "originalid" : null,
                "parentid" : "elKmQW0mY",
                "previewSettings" : null,
                "radius" : 0,
                "radiusBottomLeft" : 0,
                "radiusBottomRight" : 0,
                "radiusIsRelative" : false,
                "radiusPerCorner" : false,
                "radiusTopLeft" : 0,
                "radiusTopRight" : 0,
                "right" : 71,
                "rotation" : 0,
                "top" : 32,
                "visible" : true,
                "width" : 240,
                "widthType" : 0
              },
              {
                "__class" : "CodeComponentNode",
                "aspectRatio" : null,
                "bottom" : 32,
                "centerAnchorX" : 0.89492753623188404,
                "centerAnchorY" : 0.5,
                "children" : [
                  {
                    "__class" : "TextNode",
                    "autoSize" : true,
                    "bottom" : null,
                    "centerAnchorX" : 0.79090909090909089,
                    "centerAnchorY" : 0.072519083969465645,
                    "codeOverrideEnabled" : true,
                    "codeOverrideFile" : ".\/App.tsx",
                    "codeOverrideIdentifier" : ".\/App.tsx_setAlignText",
                    "codeOverrideName" : "setAlignText",
                    "constraintsLocked" : false,
                    "exportOptions" : [

                    ],
                    "height" : 19,
                    "heightType" : 0,
                    "id" : "ZTPzNn3of",
                    "isTarget" : false,
                    "left" : null,
                    "locked" : false,
                    "name" : null,
                    "opacity" : 1,
                    "originalid" : null,
                    "parentid" : "CDK0s_V1d",
                    "right" : null,
                    "rotation" : 0,
                    "styledText" : {
                      "__class" : "StyledTextDraft",
                      "blocks" : [
                        {
                          "data" : {
                            "emptyStyle" : [
                              "COLOR:rgb(0, 0, 0)",
                              "SIZE:16",
                              "LETTERSPACING:0",
                              "LINEHEIGHT:1.2",
                              "FONT:__SF-UI-Text-Semibold__"
                            ]
                          },
                          "depth" : 0,
                          "entityRanges" : [

                          ],
                          "inlineStyleRanges" : [
                            {
                              "length" : 3,
                              "offset" : 0,
                              "style" : "COLOR:rgb(0, 0, 0)"
                            },
                            {
                              "length" : 3,
                              "offset" : 0,
                              "style" : "SIZE:16"
                            },
                            {
                              "length" : 3,
                              "offset" : 0,
                              "style" : "LETTERSPACING:0"
                            },
                            {
                              "length" : 3,
                              "offset" : 0,
                              "style" : "LINEHEIGHT:1.2"
                            },
                            {
                              "length" : 3,
                              "offset" : 0,
                              "style" : "FONT:__SF-UI-Text-Semibold__"
                            }
                          ],
                          "key" : "12g88",
                          "text" : "1.0",
                          "type" : "unstyled"
                        }
                      ],
                      "cached" : {
                        "html" : "<div data-offset-key=\"12g88-0-0\" class=\"public-DraftStyleDefault-block public-DraftStyleDefault-ltr\"><span data-offset-key=\"12g88-0-0\" style=\"tab-size:4;font-family:&quot;.SFNSText-Semibold&quot;, &quot;SFProText-Semibold&quot;, &quot;SFUIText-Semibold&quot;, &quot;.SFUIText-Semibold&quot;, sans-serif;-webkit-text-fill-color:rgb(0, 0, 0);font-size:16px;letter-spacing:0px;line-height:1.2\"><span data-text=\"true\">1.0<\/span><\/span><\/div>",
                        "os" : "10_14",
                        "size" : {
                          "height" : 19,
                          "width" : 24
                        },
                        "width" : 0
                      },
                      "entityMap" : {

                      }
                    },
                    "top" : null,
                    "visible" : true,
                    "width" : 24,
                    "widthType" : 0
                  },
                  {
                    "__class" : "TextNode",
                    "autoSize" : true,
                    "bottom" : null,
                    "centerAnchorX" : 0.53636363636363638,
                    "centerAnchorY" : 0.49236641221374045,
                    "codeOverrideEnabled" : true,
                    "codeOverrideFile" : ".\/App.tsx",
                    "codeOverrideIdentifier" : ".\/App.tsx_setCohesionText",
                    "codeOverrideName" : "setCohesionText",
                    "constraintsLocked" : false,
                    "exportOptions" : [

                    ],
                    "height" : 19,
                    "heightType" : 0,
                    "id" : "DtBO7uuBg",
                    "isTarget" : false,
                    "left" : null,
                    "locked" : false,
                    "name" : null,
                    "opacity" : 1,
                    "originalid" : null,
                    "parentid" : "CDK0s_V1d",
                    "right" : null,
                    "rotation" : 0,
                    "styledText" : {
                      "__class" : "StyledTextDraft",
                      "blocks" : [
                        {
                          "data" : {
                            "emptyStyle" : [
                              "COLOR:rgb(0, 0, 0)",
                              "SIZE:16",
                              "LETTERSPACING:0",
                              "LINEHEIGHT:1.2",
                              "FONT:__SF-UI-Text-Semibold__"
                            ]
                          },
                          "depth" : 0,
                          "entityRanges" : [

                          ],
                          "inlineStyleRanges" : [
                            {
                              "length" : 3,
                              "offset" : 0,
                              "style" : "COLOR:rgb(0, 0, 0)"
                            },
                            {
                              "length" : 3,
                              "offset" : 0,
                              "style" : "SIZE:16"
                            },
                            {
                              "length" : 3,
                              "offset" : 0,
                              "style" : "LETTERSPACING:0"
                            },
                            {
                              "length" : 3,
                              "offset" : 0,
                              "style" : "LINEHEIGHT:1.2"
                            },
                            {
                              "length" : 3,
                              "offset" : 0,
                              "style" : "FONT:__SF-UI-Text-Semibold__"
                            }
                          ],
                          "key" : "12g88",
                          "text" : "1.0",
                          "type" : "unstyled"
                        }
                      ],
                      "cached" : {
                        "html" : "<div data-offset-key=\"12g88-0-0\" class=\"public-DraftStyleDefault-block public-DraftStyleDefault-ltr\"><span data-offset-key=\"12g88-0-0\" style=\"tab-size:4;font-family:&quot;.SFNSText-Semibold&quot;, &quot;SFProText-Semibold&quot;, &quot;SFUIText-Semibold&quot;, &quot;.SFUIText-Semibold&quot;, sans-serif;-webkit-text-fill-color:rgb(0, 0, 0);font-size:16px;letter-spacing:0px;line-height:1.2\"><span data-text=\"true\">1.0<\/span><\/span><\/div>",
                        "os" : "10_14",
                        "size" : {
                          "height" : 19,
                          "width" : 24
                        },
                        "width" : 0
                      },
                      "entityMap" : {

                      }
                    },
                    "top" : null,
                    "visible" : true,
                    "width" : 24,
                    "widthType" : 0
                  },
                  {
                    "__class" : "TextNode",
                    "autoSize" : true,
                    "bottom" : null,
                    "centerAnchorX" : 0.20909090909090908,
                    "centerAnchorY" : 0.9274809160305344,
                    "codeOverrideEnabled" : true,
                    "codeOverrideFile" : ".\/App.tsx",
                    "codeOverrideIdentifier" : ".\/App.tsx_setSeparationText",
                    "codeOverrideName" : "setSeparationText",
                    "constraintsLocked" : false,
                    "exportOptions" : [

                    ],
                    "height" : 19,
                    "heightType" : 0,
                    "id" : "IpUzdaO8x",
                    "isTarget" : false,
                    "left" : null,
                    "locked" : false,
                    "name" : null,
                    "opacity" : 1,
                    "originalid" : null,
                    "parentid" : "CDK0s_V1d",
                    "right" : null,
                    "rotation" : 0,
                    "styledText" : {
                      "__class" : "StyledTextDraft",
                      "blocks" : [
                        {
                          "data" : {
                            "emptyStyle" : [
                              "COLOR:rgb(0, 0, 0)",
                              "SIZE:16",
                              "LETTERSPACING:0",
                              "LINEHEIGHT:1.2",
                              "FONT:__SF-UI-Text-Semibold__"
                            ]
                          },
                          "depth" : 0,
                          "entityRanges" : [

                          ],
                          "inlineStyleRanges" : [
                            {
                              "length" : 3,
                              "offset" : 0,
                              "style" : "COLOR:rgb(0, 0, 0)"
                            },
                            {
                              "length" : 3,
                              "offset" : 0,
                              "style" : "SIZE:16"
                            },
                            {
                              "length" : 3,
                              "offset" : 0,
                              "style" : "LETTERSPACING:0"
                            },
                            {
                              "length" : 3,
                              "offset" : 0,
                              "style" : "LINEHEIGHT:1.2"
                            },
                            {
                              "length" : 3,
                              "offset" : 0,
                              "style" : "FONT:__SF-UI-Text-Semibold__"
                            }
                          ],
                          "key" : "12g88",
                          "text" : "1.0",
                          "type" : "unstyled"
                        }
                      ],
                      "cached" : {
                        "html" : "<div data-offset-key=\"12g88-0-0\" class=\"public-DraftStyleDefault-block public-DraftStyleDefault-ltr\"><span data-offset-key=\"12g88-0-0\" style=\"tab-size:4;font-family:&quot;.SFNSText-Semibold&quot;, &quot;SFProText-Semibold&quot;, &quot;SFUIText-Semibold&quot;, &quot;.SFUIText-Semibold&quot;, sans-serif;-webkit-text-fill-color:rgb(0, 0, 0);font-size:16px;letter-spacing:0px;line-height:1.2\"><span data-text=\"true\">1.0<\/span><\/span><\/div>",
                        "os" : "10_14",
                        "size" : {
                          "height" : 19,
                          "width" : 24
                        },
                        "width" : 0
                      },
                      "entityMap" : {

                      }
                    },
                    "top" : null,
                    "visible" : true,
                    "width" : 24,
                    "widthType" : 0
                  }
                ],
                "clip" : false,
                "codeComponentIdentifier" : "framer\/Stack",
                "codeComponentProps" : {
                  "alignment" : "center",
                  "direction" : "vertical",
                  "distribution" : "space-around",
                  "gap" : 10,
                  "padding" : 0,
                  "paddingBottom" : 0,
                  "paddingLeft" : 0,
                  "paddingPerSide" : false,
                  "paddingRight" : 0,
                  "paddingTop" : 0
                },
                "codeOverrideEnabled" : false,
                "constraintsLocked" : false,
                "deviceType" : null,
                "exportOptions" : [

                ],
                "fillColor" : "rgba(255,255,255,1)",
                "fillEnabled" : false,
                "fillImage" : null,
                "fillImagePixelHeight" : null,
                "fillImagePixelWidth" : null,
                "fillImageResize" : "fill",
                "fillLinearGradient" : {
                  "__class" : "LinearGradient",
                  "alpha" : 1,
                  "angle" : 180,
                  "stops" : [
                    {
                      "__class" : "GradientColorStop",
                      "position" : 0,
                      "value" : "rgba(0,0,0,0)"
                    },
                    {
                      "__class" : "GradientColorStop",
                      "position" : 1,
                      "value" : "black"
                    }
                  ]
                },
                "fillRadialGradient" : {
                  "__class" : "RadialGradient",
                  "alpha" : 1,
                  "centerAnchorX" : 0.5,
                  "centerAnchorY" : 0.5,
                  "heightFactor" : 0.5,
                  "stops" : [
                    {
                      "__class" : "GradientColorStop",
                      "position" : 0,
                      "value" : "rgba(0,0,0,0)"
                    },
                    {
                      "__class" : "GradientColorStop",
                      "position" : 1,
                      "value" : "black"
                    }
                  ],
                  "widthFactor" : 0.5
                },
                "fillType" : "color",
                "height" : 155,
                "heightType" : 0,
                "id" : "CDK0s_V1d",
                "intrinsicHeight" : null,
                "intrinsicWidth" : null,
                "left" : null,
                "locked" : false,
                "name" : null,
                "opacity" : 1,
                "originalid" : null,
                "parentid" : "elKmQW0mY",
                "previewSettings" : null,
                "radius" : 0,
                "radiusBottomLeft" : 0,
                "radiusBottomRight" : 0,
                "radiusIsRelative" : false,
                "radiusPerCorner" : false,
                "radiusTopLeft" : 0,
                "radiusTopRight" : 0,
                "right" : 16,
                "rotation" : 0,
                "top" : 32,
                "visible" : true,
                "width" : 55,
                "widthType" : 0
              }
            ],
            "clip" : false,
            "codeOverrideEnabled" : false,
            "constraintsLocked" : false,
            "deviceType" : null,
            "exportOptions" : [

            ],
            "fillColor" : "hsl(0, 0%, 100%)",
            "fillEnabled" : true,
            "fillImage" : null,
            "fillImagePixelHeight" : null,
            "fillImagePixelWidth" : null,
            "fillImageResize" : "fill",
            "fillLinearGradient" : {
              "__class" : "LinearGradient",
              "alpha" : 1,
              "angle" : 180,
              "stops" : [
                {
                  "__class" : "GradientColorStop",
                  "position" : 0,
                  "value" : "rgba(0,0,0,0)"
                },
                {
                  "__class" : "GradientColorStop",
                  "position" : 1,
                  "value" : "black"
                }
              ]
            },
            "fillRadialGradient" : {
              "__class" : "RadialGradient",
              "alpha" : 1,
              "centerAnchorX" : 0.5,
              "centerAnchorY" : 0.5,
              "heightFactor" : 0.5,
              "stops" : [
                {
                  "__class" : "GradientColorStop",
                  "position" : 0,
                  "value" : "rgba(0,0,0,0)"
                },
                {
                  "__class" : "GradientColorStop",
                  "position" : 1,
                  "value" : "black"
                }
              ],
              "widthFactor" : 0.5
            },
            "fillType" : "color",
            "height" : 219,
            "heightType" : 0,
            "id" : "elKmQW0mY",
            "intrinsicHeight" : null,
            "intrinsicWidth" : null,
            "isExternalMaster" : null,
            "isMaster" : false,
            "isTarget" : false,
            "left" : 0,
            "locked" : false,
            "name" : null,
            "navigationTarget" : null,
            "navigationTransition" : "push",
            "navigationTransitionBackdropColor" : "rgba(4,4,15,.4)",
            "navigationTransitionDirection" : "left",
            "opacity" : 1,
            "originalid" : null,
            "parentid" : "Y5ZxdnaPC",
            "previewSettings" : null,
            "radius" : 0,
            "radiusBottomLeft" : 0,
            "radiusBottomRight" : 0,
            "radiusIsRelative" : false,
            "radiusPerCorner" : true,
            "radiusTopLeft" : 40,
            "radiusTopRight" : 40,
            "replicaInfo" : null,
            "right" : 0,
            "rotation" : 0,
            "top" : null,
            "visible" : true,
            "width" : 414,
            "widthType" : 0
          }
        ],
        "clip" : true,
        "codeOverrideEnabled" : false,
        "constraintsLocked" : false,
        "deviceType" : null,
        "exportOptions" : [

        ],
        "fillColor" : "rgba(255,255,255,1)",
        "fillEnabled" : true,
        "fillImage" : null,
        "fillImagePixelHeight" : null,
        "fillImagePixelWidth" : null,
        "fillImageResize" : "fill",
        "fillLinearGradient" : {
          "__class" : "LinearGradient",
          "alpha" : 1,
          "angle" : 180,
          "stops" : [
            {
              "__class" : "GradientColorStop",
              "position" : 0,
              "value" : "rgba(0,0,0,0)"
            },
            {
              "__class" : "GradientColorStop",
              "position" : 1,
              "value" : "black"
            }
          ]
        },
        "fillRadialGradient" : {
          "__class" : "RadialGradient",
          "alpha" : 1,
          "centerAnchorX" : 0.5,
          "centerAnchorY" : 0.5,
          "heightFactor" : 0.5,
          "stops" : [
            {
              "__class" : "GradientColorStop",
              "position" : 0,
              "value" : "rgba(0,0,0,0)"
            },
            {
              "__class" : "GradientColorStop",
              "position" : 1,
              "value" : "black"
            }
          ],
          "widthFactor" : 0.5
        },
        "fillType" : "color",
        "height" : 896,
        "heightType" : 0,
        "id" : "Y5ZxdnaPC",
        "intrinsicHeight" : null,
        "intrinsicWidth" : null,
        "isExternalMaster" : null,
        "isMaster" : false,
        "isTarget" : false,
        "left" : 996,
        "locked" : false,
        "name" : "P5",
        "navigationTarget" : null,
        "navigationTransition" : "push",
        "navigationTransitionBackdropColor" : "rgba(4,4,15,.4)",
        "navigationTransitionDirection" : "left",
        "opacity" : 1,
        "originalid" : null,
        "parentid" : "SJg2FMBEd",
        "previewSettings" : {
          "__class" : "PreviewSettings",
          "bezel" : false,
          "deviceType" : null,
          "responsive" : false,
          "rotate" : false,
          "touch" : true,
          "zoom" : -1
        },
        "radius" : 0,
        "radiusBottomLeft" : 0,
        "radiusBottomRight" : 0,
        "radiusIsRelative" : false,
        "radiusPerCorner" : false,
        "radiusTopLeft" : 0,
        "radiusTopRight" : 0,
        "replicaInfo" : null,
        "right" : null,
        "rotation" : 0,
        "top" : 1285,
        "visible" : true,
        "width" : 414,
        "widthType" : 0
      }
    ],
    "id" : "SJg2FMBEd",
    "name" : null,
    "originalid" : null,
    "parentid" : null,
    "tokens" : {

    },
    "tokensIndex" : [

    ],
    "visible" : false
  },
  "version" : 52
}